"","Her_pathway","CDK4_6","PLK_AURKA_Kinesins","ANGIOGENESIS","ANGIOPOIETINS","IMMUNO.Modulator","PI3K","MET","MEK","ERK","Antiapoptosis","FGF","mTOR_AKT_PTEN","RAS","TELOMERASE","IGF_Warburg","WNT","PARP","HDAC","JAK_STAT","HEDGEHOG","FGF.1","DNA_REPAIR","OTHERS"
"1",0.229700508163045,0.77227463312369,0.923345759552656,0.194691855045098,0.21763052685746,0.334885164494103,0.201273945456261,0.202438224360376,0.183329543731999,0.192419663915094,2.9818004662978,0.313743880908436,0.119061715864558,0.294565717499106,1.08815555763298,0.61446294531157,0.311322828875046,0.746585856522271,0.24042624042624,0.365786113927377,0.251266253961671,0.313743880908436,0.660269749518305,0.333445242731485
"2",0.355494047302213,0.691582132051967,0.791451975161844,0.225816490000057,0.223140495867769,0.835047977050153,0.199521266801694,0.753628391199549,0.165671675163223,0.188754473315699,1.67768716479318,0.248261561478943,0.113548915268113,0.241049215792321,0.564423657211829,0.430839986115932,0.46283058182401,0.782508365062882,0.182437007733704,0.561075949367089,0.286825211124983,0.248261561478943,0.733814266881501,0.352446043165468
"3",0.260309141450806,0.676348547717842,1.12077633578861,0.141792353560154,0.16873831622446,0.218036831438893,0.200668375755356,0.0998153367674215,0.171189015525964,0.237829962290024,4.38371877890842,0.306270923945803,0.1158420284977,0.336524894174561,0.941291393963075,1.01189487587096,0.288372666214801,1.8131622279496,0.319661616336719,0.38208455310283,0.259448826068742,0.306270923945803,2.0916204296486,0.422597864768683
"4",0.215403472245542,0.908586403576384,0.907017137563687,0.175324481129254,0.295228925263123,0.396980377214708,0.282352391046823,0.132469068029222,0.21816131498471,0.372878655087244,0.940686824886755,0.365594005083077,0.126792452830189,0.374750320102433,0.472842660512652,0.465003227838749,0.468519201002432,0.755038179672117,0.241432914190963,0.555340284627307,0.163602459135806,0.365594005083077,0.506995824481723,0.191909863317325
"5",0.56706050597569,6.2274580140225,0.383480004455832,0.230358828306773,0.273989275963025,0.317480068205908,0.201566562871176,0.375153993988075,0.185958588736366,0.231939847460066,0.487558038305281,0.235197549939301,0.124311726893231,0.265917225386903,0.968310155920775,0.411164141297129,0.461809704210986,0.485163293330946,0.21191637630662,0.618859552890123,0.312368963128462,0.235197549939301,0.37882685409949,0.419291851080448
"6",0.417119943564707,0.908517756047349,0.83342286686364,0.382581691013078,0.363355834136933,0.273662429796039,0.28328645100797,0.16884251925493,0.209673374471836,0.354182815574504,3.36126956894703,0.526889512281596,0.147249763928234,0.330625344767063,1.34169427354472,0.542210381484047,0.991191335740072,1.39029596355411,0.438298683959565,0.413329832392454,0.699284139174641,0.526889512281596,0.869604037267081,0.169169458241885
"7",0.334842299334958,0.283724340175953,0.28094673280138,0.145150484006383,0.215098147128967,0.211603666959689,0.217772203036424,0.170228244066564,0.170869042249286,0.2022305357521,0.481268902941985,0.228997576353111,0.131349821056568,0.181997816026208,0.436388613294665,0.252562179727535,0.402025038263804,0.352454113710347,0.238793609165258,0.42944957633785,0.294379460886099,0.228997576353111,0.298256537982566,0.270984126984127
"8",0.420625000000001,1.05211054585453,1.21850666666667,0.244731181119546,0.178126222818492,0.525439055732711,0.195003342245989,0.468336092715232,0.169139137662895,0.185007974481659,2.96223160212883,0.412144856326892,0.0981877265341832,0.228199999999999,0.710685710012712,0.497466678295896,0.266510614779414,0.757521974306965,0.24715345241826,0.523192495235268,0.170710760751138,0.412144856326892,0.602707034728404,0.258650028360749
"9",0.307671152821466,0.650213147857303,0.500056129321958,0.121691285671853,0.201971904073539,0.350748200693833,0.222305794938945,0.162139133921411,0.165203562340967,0.190221774193548,1.9494034195744,0.309187801560626,0.119948324767602,0.268535072037017,0.549273165076251,0.305542396968262,0.591040544371987,0.547392943036734,0.194487952811011,0.48704087832883,0.204855206170418,0.309187801560626,0.459967874353024,0.167779632721202
"10",0.179108750278317,0.533821989528796,0.300595238095238,0.150877455065809,0.184803498314904,0.379001176518317,0.272546296296296,0.176997556782192,0.21002860775588,0.184440067529544,0.211211816045653,0.248063358105554,0.128869170449856,0.183600917431192,0.505886456789047,0.329379494402846,0.195807028797137,0.318751719529931,0.175337740730095,0.637231557702337,0.240756556535425,0.248063358105554,0.274727120067171,0.541266252119842
"11",0.374051708442072,0.470525187566988,0.700584663818304,0.265521073635644,0.382738907295524,0.614678159993555,0.224000919449644,0.258031147635193,0.167447807201906,0.176181587659365,2.03849611769514,0.285684488382379,0.12147030885697,0.1781823535185,0.895794434071308,0.450832007567614,0.561049144865815,0.973647469458987,0.280823942967903,0.647110678080127,0.263032310585858,0.285684488382379,0.523845754798546,0.258635961027458
"12",0.243887602858929,0.42058091286307,0.225626904148113,0.184490721762181,0.207410139294732,0.328957743865671,0.178927348801826,0.20819505899705,0.18172299248989,0.214198741798011,0.258527160585569,0.305216948439455,0.10036545386145,0.15810705973623,0.414160033514872,0.500863765055904,0.318746829020802,0.323856234636904,0.199162251181441,0.329602465174319,0.326633785450061,0.305216948439455,0.2529128808124,0.177598450613299
"13",0.743359762140733,1.31349862258953,1.25084926720373,0.191515353660255,0.160675617150282,0.388973214285714,0.222561723280861,0.142343242568074,0.234176545300593,0.219089973537195,3.76477355033872,0.796745251503293,0.133932011499363,0.256227758007117,1.12745195658668,0.288387734658567,0.468406309892378,2.03433764437185,0.303006809141778,0.919494720965309,0.382204618305804,0.796745251503293,1.38028428339962,0.328227734608488
"14",0.700602798708288,0.392543859649123,0.186373580581311,0.202188862020016,0.37992125984252,0.298007187193728,0.210646599777035,0.330123099203476,0.231172278320725,0.185316481709823,0.480777640838071,0.310132660685679,0.125076527488674,0.231721850873103,0.543864275668073,0.47938054637202,1.02645876868671,0.440647620811533,0.189738941261784,0.46260943345289,0.265772119086646,0.310132660685679,0.36782951981953,0.618046430135786
"15",0.252629699370172,1.21806853582555,1.45923965351299,0.121927211722816,0.183443977780789,0.171330156183646,0.31246329957444,0.169920820586647,0.156123595505618,0.281427530954115,3.39888143176734,0.354273695326261,0.124367933640134,0.306666666666667,0.524648672763774,0.234811469827901,0.900542442457118,1.67623630630138,0.294250446054692,0.319496319594609,0.423421833640811,0.354273695326261,1.87813236239023,0.174141221374046
"16",0.455603758365851,0.4175,0.715989759106249,0.210958057307575,0.441728254690165,0.42668428005284,0.188845298809991,0.194664853018968,0.16885571501794,0.178205847297203,1.8581982351734,0.360633758950122,0.138682020151449,0.551837270341207,0.652094901564866,0.435402776259702,0.415990593768372,0.870935554303682,0.213452851990616,0.303989806785335,0.214892755969243,0.360633758950122,0.587768216567567,0.385694379934974
"17",0.383437609295457,1.68508516825924,0.875883694412771,0.266051822186154,0.238414569583172,0.545122361652002,0.224816436035019,0.301114573346117,0.18219533087488,0.207275292220879,1.94705882352941,0.297813360756601,0.0970699887718548,0.229621706822788,0.512008978675645,0.331442407471463,0.317625707270204,1.01402260054971,0.239403683133587,0.940044557481123,0.206067638349926,0.297813360756601,0.56190693084339,0.195079594790159
"18",1.49531986768949,0.726456140350877,0.98708338138623,0.301903052193293,0.271145012432045,1.26781838701276,0.236754846593348,2.68902487483112,0.198690438624172,0.233097425086584,5.15565005052206,0.321776208062191,0.187787304795749,0.273687016795521,0.786953360340708,0.517187405935824,0.389829533785171,1.68764695466693,0.176647720856702,0.455560898399149,0.180246092450948,0.321776208062191,0.799851680949242,-2.51311775472849
"19",0.790099723657333,0.827794561933535,1.00048899755501,0.189844755050242,0.258353454318872,0.590028011204482,0.257992875948583,0.68581607659764,0.220433851499086,0.225059382422803,0.27440781049936,0.396102858139305,0.121898402959487,0.275552177412143,0.738366156090445,0.59706778100432,0.484114621601763,1.07602477377682,0.311544434857636,0.964863630431946,0.179211741034442,0.396102858139305,0.608240946045822,0.26126568466994
"20",0.196184596700739,0.509662626924337,1.21375440428031,0.152894014847604,0.285180831201162,0.237104404942355,0.216451262229738,1.26784778777921,0.147862311380416,0.279169944925255,3.07317073170732,0.266773863470253,0.167287310226296,0.563053265213212,3.18933414288606,0.556353574452643,0.196518728976846,1.7135274576397,0.288005177621171,0.288745886959057,0.610056794569884,0.266773863470253,0.785449684934122,0.236878453038674
"21",0.419741902401504,0.509892961401233,0.33001965090741,0.126819195137597,0.304530696576151,0.280943219377436,0.226982113821138,0.513583801606836,0.184431838919642,0.160930314821365,0.522306132438291,0.25623169466559,0.101093476299167,0.16818045713145,1.41906138411835,0.430692374202799,0.52243553008596,0.502735679200097,0.1439477303989,0.590065279477764,0.218114879644767,0.25623169466559,0.421917042317503,6.03202763168223
"22",0.534249360418819,0.493887190886357,0.784261918437679,0.182113788161489,0.226691808087157,0.298289764264804,0.164232757347511,0.69375560203167,0.143653237026731,0.204068722114936,0.857847317489155,0.238905296206992,0.108743415305609,0.307921267402785,0.924542682926829,0.61014049704592,0.46144236637111,0.833601395662896,0.176063922181692,0.388411167039524,0.228780261671474,0.238905296206992,0.658346056883146,0.19349346305868
"23",0.537001533742333,0.578141135972461,0.646599956961481,0.472807473368449,0.534007391987765,1.08481936616465,0.232688691915122,0.542018981880932,0.207299793291992,0.215232507605389,1.41726890557839,0.362263721080635,0.155277233314508,0.225604879024195,0.46827431501362,0.654445451650047,0.266073935423491,0.69430466310547,0.175567879662691,0.429892141756549,0.23405839408239,0.362263721080635,0.57272565426384,0.489458516608524
"24",0.352693441555956,0.895599100546097,1.08442969911909,0.136518881081008,0.165971291866029,0.488536961866103,0.185836346763096,0.266822656123931,0.184093648880147,0.291254826254826,2.67824164390688,0.337746043160258,0.131893645442402,0.412689910401247,1.07170393215112,0.596975842926651,0.305334172888369,1.63711057605975,0.263349562601433,0.514038484811812,0.447468490383108,0.337746043160258,1.15354059421994,0.343217197924388
"25",0.18299000329181,3.21897692431822,2.45957645957646,0.125033802664551,0.144467023831517,0.217214107013155,0.399084628670121,0.104269199954218,0.164083330891617,0.25753280147689,12.3566269108013,0.486996522747029,0.153535487288136,0.67683550495842,3.82003933566434,1.35471781305115,0.458025568181818,2.86485421591803,0.720795443189767,0.213331364877833,0.629749198170252,0.486996522747029,1.50945051977859,0.2870061213133
"26",0.299972456126544,0.735127291913996,0.81799511002445,0.562849872773538,0.499087484953209,0.645523455377574,0.236925763569621,0.221109663260407,0.179876473805761,0.20066271479952,1.1018444266239,0.512610823151711,0.14711802378774,0.32339264051759,1.48530053214691,0.737935422006677,0.724335301417773,0.919326085685896,0.397925539222421,0.628746282315261,0.909720853858784,0.512610823151711,0.790215398716772,0.404208323645664
"27",0.311977416319398,1.70858770858771,0.609052924791086,0.329269988872994,0.460638508824113,0.97220323536113,0.285351251779285,0.268256609354779,0.253212324272046,0.268165367483296,1.52107818088912,0.362553507449668,0.141011071788045,0.246046318782207,0.518225039619651,0.502541747519748,0.36936785307658,0.630556636262772,0.2440987365676,0.76792757636791,0.266771902131018,0.362553507449668,0.501006404391584,1.43034238488784
"28",0.237011689913323,0.747831572307207,1.81899988609181,0.169467920795516,0.20373430851999,0.188161451413387,0.214022279564478,0.133081775174589,0.140947164948453,0.24548544012794,4.79164074650078,1.42518297641637,0.122496586253983,0.226535901214492,1.39949252889766,1.33125389893949,0.849092457006641,1.66862912528276,0.225173007341834,0.324629958555358,0.323111755476555,1.42518297641637,1.89962614704883,0.355469755469756
"29",2.95626608860589,0.446174595389897,0.985956276241494,0.266585694056531,0.376165459794595,1.5497354956205,0.321248576309795,1.46886686611818,0.190527521390555,0.241504854368932,3.48332977588047,0.310533423630005,0.170302627203193,0.316221535001406,0.993529901099917,0.529319691532411,0.525415794012566,0.943114994222585,0.193387018057589,1.30376144518683,0.236191564004242,0.310533423630005,0.564427107108769,5.41126279863481
"30",0.379204998532889,1.4554248861912,1.23437343734373,0.192345750716594,0.278733207865533,0.183049439135854,0.283561827506453,0.177643119119758,0.256099963414291,0.560443261273976,5.2341353893078,0.369163464962694,0.148430468046805,0.438650147737288,1.03394601755257,0.812170550647804,0.526078014901723,2.04368387960963,0.612510584250635,0.368184561732949,0.419619544945916,0.369163464962694,0.608494503965494,0.256418168353493
"31",0.696362931082254,0.920720720720721,0.599159146841673,0.155539330044699,0.434522269451118,0.442847951962256,0.288018548690312,0.337597813936157,0.204840963635811,0.23091391900863,0.928186944634313,0.315063874236591,0.177676667140623,0.468184762569136,1.12414450316209,0.303136694451099,0.790033397125596,1.74239341282437,0.415107568544965,1.13639625233204,0.507270467529677,0.315063874236591,0.852658246438538,0.264726535070609
"32",0.263805417284034,0.61219512195122,0.281360477873949,0.183813631913853,0.193138719687392,0.232828427169668,0.219719763030021,0.229272834182673,0.173038584704257,0.245403552508569,0.371983669898666,0.252733231714741,0.107308630320195,0.207764705882352,0.443063152660368,0.36072801991995,0.393885064831119,0.348758635955867,0.208037570803757,0.29371627070281,0.332207783003346,0.252733231714741,0.279019277559423,0.311482495317678
"33",0.393360059291202,0.521191085129704,0.641715727502103,0.141308724434813,0.159533775981524,0.248676744075151,0.266023102310231,0.545795761431775,0.152913124611238,0.208472354623451,1.33144154370034,0.391303934080597,0.134411347517731,0.19672131147541,0.466312433581296,0.225786030808187,1.02865944819463,0.702336561496657,0.245861016340456,0.423545473639991,0.206349206349206,0.391303934080597,0.488471637710874,0.330188679245283
"34",0.289086230172123,2.72550831792976,1.64951996508837,0.162775692163304,0.246960167714885,0.290246693794507,0.269176504463,0.319378369806533,0.152345987998673,0.411936052025471,8.60105258616971,0.63007686007609,0.133281193990941,0.375482529941602,1.79697890156802,0.402190447216307,1.08479087452472,1.89090738723544,0.422231598327644,0.233357897322525,0.596371126165274,0.63007686007609,2.2587112773738,0.192822429906542
"35",0.416840583044386,1.01137931034483,0.864077669902913,0.344092545047421,0.393018702315846,0.311516613884281,0.25406439990993,0.212084063047285,0.249488546426545,0.337280592555708,3.48252707581227,0.380232048843723,0.197943078544771,0.336009301295537,0.816848154869933,0.866408000802756,0.351621421780923,0.681825855025491,0.289262848546339,0.515777429844634,0.294485283463579,0.380232048843723,0.7719394208745,0.231526170282555
"36",0.22309171473957,2.38183203199391,0.504008704615737,0.261995703995607,0.222733059838732,0.172736384898096,0.212183235867446,0.448546739984289,0.153355594482155,0.241528340855198,0.554389799635701,0.378872237145084,0.152305503640269,0.210275927687917,0.817084188911704,1.60531296671448,0.884329103094254,0.823936509500853,0.250110521662246,0.36589188947109,0.552194874397362,0.378872237145084,0.548910005589714,0.183661829013245
"37",0.37398424933676,0.427844050043643,0.41846302561624,0.151017089357222,0.284617183845314,0.448530426383331,0.305993752440453,0.383758666469981,0.21292349726776,0.218111983612154,0.467026560138199,0.262164366807364,0.14843039483175,0.218505237331321,0.700030238887209,0.995361781076068,0.840837809582177,0.513880895028174,0.242434819029004,0.400739755437318,0.162891768082487,0.262164366807364,0.437722990579273,0.450318557679273
"38",0.292942562933484,8.36689419795222,0.680383395791294,0.177229745040758,0.210968102965865,0.337402269861286,0.256541586397521,0.113967766692249,0.177477755406897,0.206298200514139,0.252653405496591,0.72565165997745,0.118297417430935,0.18347664420172,0.624921277552856,1.14902177925434,1.04587491318493,0.777379157351081,0.339423279309619,0.31595778701631,0.854099971472947,0.72565165997745,0.548368817291346,0.503054560775226
"39",2.21672255680263,0.600831600831601,0.827058959805398,0.205932754239793,0.324613909190119,0.62986457911549,0.240508458734461,0.304268634410611,0.186053344043794,0.22383376333589,2.82098301518112,0.267352389215654,0.114628493524199,0.279536195549984,0.409189022510022,0.503577930868907,0.314325099660966,0.777015816834421,0.220798950384974,0.642846335084194,0.233001654421406,0.267352389215654,1.05578453666856,0.192546583850932
"40",0.254989885367498,0.364423909904707,0.308610016882386,0.249261083743842,0.137938055124322,0.148479663024878,0.188305294731351,0.180837438423645,0.149854286835986,0.206948483589531,0.569461719922796,0.249055711816252,0.132876819738115,0.301757866313991,0.653724989357173,0.182242488931556,0.425924935365962,0.365667108460348,0.177856840918698,0.29005427504053,0.210535640465364,0.249055711816252,0.341345634076904,0.575761179828735
"41",0.300308026816453,0.728648121034651,0.48157401623985,0.229364555290293,0.344507845934379,0.202516595660359,0.257027524185856,0.190047731387502,0.197557751809907,0.221936589545844,0.588091163658992,0.371831952546693,0.13261628561775,0.226787181594084,0.437584459459459,0.43659381086345,0.592095210108728,0.969099837367566,0.228775662307744,0.386114318706697,0.574921313230886,0.371831952546693,0.489984078201947,0.343526841972612
"42",0.549920862044158,1.33889579265045,0.579735635859716,0.270267963099795,0.258881118881119,1.07199277815392,0.262008275180634,0.304407844630617,0.225134166920247,0.242088938454032,0.912811116200947,0.238056842015813,0.125058780500549,0.253459280061272,0.557713052858684,0.496028707087063,0.525151719487525,0.43461053256487,0.213650158642571,1.30962692569449,0.209267902781752,0.238056842015813,0.448120410092343,0.28553015019054
"43",0.205321535393818,0.500579566153337,1.26719647388807,0.280265122014537,0.562309920347574,0.171289805728019,0.179278100465948,0.181048960082677,0.150286554004408,0.232897311399377,1.71905510310997,0.260092272202998,0.136281859070465,0.388933394369422,0.725159321425366,0.670774966791449,0.713818770226537,1.35414382375282,0.393520853540252,0.283099120597464,0.23170743949326,0.260092272202998,1.42506654322417,0.344978712747308
"44",0.408230621492103,0.565615296617094,0.614240170031881,0.247947726689696,0.225174986539497,0.386223251709685,0.199552171965965,0.560719805696622,0.157314124521459,0.209476565172768,1.6383783131561,0.26412249124416,0.113865593834995,0.272919392170675,0.626358586265196,0.324598608705861,0.386211170501201,0.764489747540595,0.195818534656366,0.502817022557683,0.325936440656935,0.26412249124416,0.570440413554581,0.30365455085669
"45",0.340313310436673,0.955725190839695,0.866277313462894,0.164998411185256,0.216273026064358,0.612717623133773,0.299439740243203,0.100449066414559,0.203283090526066,0.252655055225149,0.879983890455095,0.302411246480972,0.118019257221458,0.238993371773454,0.852410151592574,0.294910018319623,0.949780594831789,0.910691124698908,0.192727142703901,0.504987270982011,0.295215974903476,0.302411246480972,0.89589482157231,0.192473684210526
"46",0.302371331348364,0.35858938547486,0.306064572425829,0.156468116825913,0.173163179674162,0.266574016882849,0.249451950038236,0.429818816852216,0.184657916494419,0.175362074772651,0.437893828226154,0.241636975306225,0.109703252701443,0.204036951994447,0.461999675903419,0.311205032111077,0.69505023098922,0.408024492531534,0.167837921223133,0.281298880695553,0.184064230747188,0.241636975306225,0.443348102915441,0.730167137476459
"47",0.763954530638853,1.26785997148741,0.989985289125269,0.204445545067268,0.213553276861346,0.237960978910567,0.492161579003218,0.227231225747546,0.219441142428129,0.272470894497071,2.71694486595852,0.487764385965337,0.109224656004729,0.495813029285139,1.19285399205999,0.596456604619871,2.12920667193795,1.98148081253236,0.345022996057819,0.30167160020895,0.699659747380789,0.487764385965337,1.6529033379694,0.221929227628445
"48",0.321682234944687,0.48953013278856,1.09377535643909,0.22215859620923,0.273155548077732,0.700367010594834,0.224289824398955,0.183281316932868,0.14985105913504,0.317285779398359,2.5898195279963,0.334826275489502,0.11800963081862,0.282814157585109,1.03439824945295,0.368253523382448,1.70742238317921,1.99004798714039,0.21928555107015,0.449078944654165,0.597434444387203,0.334826275489502,1.56617020413133,0.329545454545455
"49",0.283460318498413,0.811760840998686,0.627828401761032,0.161514683153014,0.241161888338004,0.712866108786611,0.285884594112948,0.167480609020396,0.19933749025721,0.209104841736519,2.58386781171866,0.27799522995682,0.110724938399689,0.267184580588061,0.848654409805489,0.411348766247102,0.531503381191912,0.958100169826555,0.258044575706583,0.685836992250295,0.335671096033264,0.27799522995682,1.27899266365689,0.342763486068553
"50",0.202819312465064,0.742995608056944,1.07212970111393,0.276902395070341,0.283543604383461,0.512740485396189,0.318983091497781,0.17871704267464,0.177334326663829,0.224805557402114,1.8605167287802,0.295134388109816,0.107828289781645,0.246979060972235,0.872185720543145,0.355094854843345,0.232180575688548,0.951434476051543,0.208348700754401,0.370303783124127,0.233186493111777,0.295134388109816,0.625399561828826,0.277458427427633
"51",0.360223538847636,0.429068634275372,1.27095420318479,0.190977443609023,0.246444237671142,1.35148103718741,0.265700429438768,0.490291700532828,0.238630693563333,0.222550740119029,3.19204370359994,0.373043956803549,0.127380657927282,0.268775790921595,0.926460481099656,0.662648990675958,0.407247513310496,1.60223627080073,0.418374586157969,0.710871978293044,0.379530343210732,0.373043956803549,0.994285714285713,1.27153065062053
"52",0.64466165124199,0.757823129251701,0.324283559577677,0.130842344975401,0.243290236290682,0.219205087440382,0.202815918082383,0.66432210899424,0.241778612755204,0.194726980728051,0.219263102587679,0.30619678211842,0.13495884888864,0.291245109941993,0.666522178875885,0.541400224141341,1.82631429383348,0.469922068824611,0.28220617202889,0.329019187974975,0.219842556147256,0.30619678211842,0.494295061038858,5.14901315789474
"53",0.234718238496814,0.455900430239705,0.440137437088657,0.140278613283426,0.209334176148335,0.345454545454545,0.243544244688303,0.159441402521726,0.191166690761891,0.224855221992944,0.914873677222851,0.308677971303614,0.131713000596109,0.164677689911334,0.47780244173141,0.898615130219099,0.270728933310357,0.92850470398038,0.285325081564697,0.424328388816734,0.262781374135647,0.308677971303614,0.628009125268139,0.218952011559814
"54",0.690414032225169,1.30054274084125,0.464023494860499,0.171169928797418,0.277474728209041,0.269652305366591,0.302204549200594,0.391541419084236,0.190483876174182,0.277565434150394,0.525131062800161,0.323136922406371,0.137925379253793,0.209484263104049,0.568574635241302,0.438734223081104,0.684980787906938,0.422110495473928,0.242375475919457,0.2708807896735,0.477405189161849,0.323136922406371,0.393433332073904,0.354357142857143
"55",0.326979472140762,0.480735551663748,0.690875783004373,0.221411202414892,0.317526039981885,0.256688127324349,0.235022775171664,0.319062181447503,0.158833947293851,0.215500515370157,0.794892319420621,0.302574306678273,0.128457760032172,0.181761203384519,0.530726658520808,0.346231649332318,0.294401913875598,0.564654862459412,0.240405973413526,0.433478241180998,0.276513317191284,0.302574306678273,0.47083721931272,0.211757235832584
"56",0.451816539729243,2.17581395348837,1.08394895903291,0.196586582292058,0.270731042007638,0.0524470416362308,0.247672206468287,0.18588579795022,0.14587863444334,0.219997550820475,1.96984079527618,0.719524913457853,0.103589347742184,0.424650043744532,6.99091083046307,0.492799524558442,0.452198185624564,1.42405822724056,0.349047104016708,0.137306713642592,0.324411012257055,0.719524913457853,0.945573797205359,0.197232317584568
"57",0.284695481335953,0.78137128072445,1.65415632754342,0.237729082001063,0.285237113402062,1.24812120483376,0.302835133925718,0.197739798474642,0.219480171489818,0.344673267326733,2.06472466081405,0.249481481181413,0.163796796025015,0.205807899890146,0.636141237870016,0.513103802672149,0.30234787781238,1.29639802776591,0.265239170311839,1.07093368525239,0.273595001880079,0.249481481181413,0.708665884933993,0.371112057946315
"58",0.67362592998443,0.414691943127962,0.41425902864259,0.161897894356621,0.27106438693777,0.64337466569414,0.202426479486869,0.412486176736705,0.165548080601964,0.233889528193326,0.656918924914045,0.2432556802369,0.109598988730803,0.14083754372328,0.446373484468039,0.347209518443449,0.285474106350981,0.508729783293603,0.184257353197725,0.744500021653459,0.243222735738428,0.2432556802369,0.32441799404866,0.237569421757596
"59",0.440704289254179,0.714044943820225,0.40131349529234,0.141971285201522,0.258140011116637,0.562357954545455,0.275838721689969,0.61479184287191,0.289047302554792,0.211519364448858,0.416060894386299,0.611948150306515,0.139359751014283,0.209478148626222,0.439150844251384,0.579534076922586,0.722632103688933,0.382942106037632,0.381741289671762,0.588338338338339,0.228148117102202,0.611948150306515,0.371878180537071,0.346504401864319
"60",0.554498947976402,0.356711409395973,0.254962431310979,0.148747709224191,0.245691111862116,0.355178907721281,0.355349981082103,0.672192916352675,0.216775183477301,0.199916072177927,0.281139916881061,0.654100649547745,0.14338630322909,0.157739585071472,0.694919959285648,0.250305912238038,0.973924553275976,0.379101941358471,0.273801757550175,0.417978367033942,0.427241008981667,0.654100649547745,0.325303108092099,0.549996041485235
"61",0.286822479691038,0.750485976117745,1.25727851403527,0.392899339710105,0.324393008001648,0.152968255490553,0.204876496438854,0.109551933922465,0.206189126326501,0.399605254428449,1.21189884404466,0.348705208778915,0.118836220609075,0.297352647352647,0.697765890497168,0.842829895337468,0.27219783533827,0.800269564484879,0.265085757933477,0.590560447471893,0.496793002915452,0.348705208778915,0.822678368156282,0.143115764751933
"62",0.404028968318149,1.01432073280867,1.02661253946775,0.188932478416154,0.181956136864545,0.166391130992901,0.498018001356266,0.123094361008784,0.197200693452988,0.216301245459263,4.83749373433584,0.430622500858107,0.117144307796457,0.520699347339335,2.15748717452328,0.550815169939518,0.524087954246741,3.3650717846163,0.423073006822116,0.296374516015487,0.481589081818796,0.430622500858107,2.07976371675002,0.271332961517011
"63",0.295997575308559,0.4004569687738,0.395989694186177,0.138574654433446,0.271545374189747,0.4789500509684,0.197454285802986,0.299417032273574,0.216483915914461,0.182733865650868,0.445350553505535,0.254708082412262,0.14908731229206,0.326973194341027,0.448105139976596,0.945321328327198,0.36003186367887,0.469971231446829,0.240420685959271,0.842928262824308,0.323489221402554,0.254708082412262,0.372554981250633,0.720407070166042
"64",0.19760241975074,0.896686464520163,0.786800044707723,0.321690707987156,0.311269496292508,0.156927764832407,0.223345708670015,0.155983642902892,0.162530637254902,0.260730024908986,1.54185857491195,0.462907024054643,0.166804957040764,0.205086450500502,0.518428709990301,0.78366739326918,0.395692976390398,0.987520026983726,0.222667799490229,0.358518416015128,0.603469448247632,0.462907024054643,0.627529788369198,0.288800118360704
"65",0.248992279838766,0.920249536334514,0.844240360053521,0.15397876768461,0.211230039142333,0.476638349514563,0.223449664032205,0.112692763938316,0.143877739757699,0.305311218784942,2.19606927417786,0.299253504567417,0.152045616535994,0.338341652235917,0.753452914798206,0.383399004562422,0.250112345124222,0.975805991612104,0.227671620665251,0.812260236436233,0.428266705361678,0.299253504567417,0.819943732416381,0.175016740731722
"66",0.20467087622178,0.504339250493097,0.280412979351032,0.161986111111111,0.222900936059501,0.476246680436707,0.304608715491672,0.170173421960118,0.228448674832618,0.254379242391066,0.375272906542714,0.226814756259166,0.114037626628075,0.247814709648684,0.455596107055961,0.247518462637974,0.20521967575789,0.299417132359885,0.172470094298757,0.775748186578279,0.211339610652186,0.226814756259166,0.281828301099207,0.681483300589391
"67",0.322375737152485,0.330731707317073,0.32885872297637,0.239408102160435,0.200350558702933,0.242922086690372,0.178784953696721,0.133310180591387,0.129220623859796,0.171908856988082,0.851358572779216,0.224883149925886,0.104887353714492,0.233115042517838,0.695806365812572,0.248722268426702,0.359782529902138,0.401816727671823,0.166895156025591,0.37205906991216,0.229943593875907,0.224883149925886,0.307510854329766,0.189121462264151
"68",0.35973450507073,0.451786515174167,1.21677004873726,0.154419117852454,0.196279824932938,0.400774818401937,0.252512814101763,0.533772400061265,0.189939089712589,0.258214721431476,2.01449275362319,0.328228861410907,0.181670312412362,0.2707890180559,0.794132634490791,0.507710468153507,1.00484429065744,0.897069626969227,0.186160355257177,0.733052702041658,0.188307280555448,0.328228861410907,0.675094407480669,0.198335644937587
"69",0.26181488029818,0.283573958049578,0.322936972059779,0.318605261431477,0.263757257913467,0.388746223564955,0.21756211739287,0.429890363531448,0.166579619312906,0.184162412032565,0.58790403809175,0.306773474901644,0.131600064195153,0.206953030062874,0.359702614652076,0.409735373905922,0.298760417396176,0.396714530818054,0.161114145275806,0.356226524890229,0.223237462361126,0.306773474901644,0.377019961977186,1.09309090909091
"70",0.706506087184186,0.914186248912097,0.770578797976058,0.468248282774682,0.189094700686948,0.111285332881298,0.188228004956629,0.108413132694938,0.208708561240217,0.238945270025372,3.39699093157461,0.236382600194392,0.143921940642363,0.268966831871902,1.03552983081033,0.31082322231353,0.3808935706502,0.814608088538519,0.284475936982951,0.248453209590101,0.175884572573978,0.236382600194392,0.508854186848529,0.596666361388405
"71",0.315002630767277,0.322869337739226,0.451394585726005,0.205108450372167,0.321117918463051,0.303661790413101,0.241130768510718,0.388985161919203,0.168164958589048,0.358299813245223,1.64471510354632,0.371661339036758,0.14001495026163,0.256966852449399,0.555383162439288,0.448479544957339,0.267495559502664,0.97348398818987,0.212435936598446,0.950083350942689,0.22737170528779,0.371661339036758,0.657067231339335,0.273429772502473
"72",0.346591936358706,0.505932065659028,0.376929912251472,0.444372153545869,0.348205364691415,0.216040374559163,0.222140499425947,0.392006149116065,0.180191056057107,0.228911783644559,0.510904968047825,0.287645410720908,0.119393833216538,0.253022237699617,0.848592592592593,0.527422929679631,0.365861894310316,0.484967242248216,0.182253848388034,0.280184778522959,0.245317636677661,0.287645410720908,0.306872998109057,5.79365079365079
"73",1.44182694376318,0.607303447336149,1.96510457443239,0.129970487729108,3.10208208098803,0.45825083634874,0.200031689443454,2.51383886255924,0.24516644104273,0.332222846592278,8.8791335611878,1.69197229564177,0.18927584677832,1.47653429602888,10.7555099948744,0.657051282051282,1.65607625803591,4.51647666042766,0.437354522834899,0.276313950935186,2.57404467113652,1.69197229564177,2.56253233058772,0.87286411716843
"74",0.280643617869611,1.66929911154985,1.50779917133805,0.115775950960788,0.208356382805636,1.54329332781533,0.359952012605644,0.155275779376499,0.196778955336866,0.263980789754536,3.75553209937045,0.392552796203912,0.109238862403419,0.390003957709051,1.16229264669473,0.280119027833835,0.573352587975982,1.16065669891527,0.242898906413542,1.08583750695604,0.673647525258984,0.392552796203912,1.15248644826774,0.201020335860554
"75",0.768631486109069,1.96147459315842,1.43363844393593,0.362570405348338,0.245676016097816,0.165652245435104,0.276216982086833,0.31232128931635,0.19257264905842,0.331239073426573,2.27146391152503,0.378313526714089,0.195873390678586,0.387553292278542,1.07515085024685,1.37112523404627,0.991648639790233,0.96882624306155,0.315024593829185,0.447944407456724,0.426672013169279,0.378313526714089,0.590320526427511,0.131856592829641
"76",0.2633734757824,1.54429892141757,1.03790781376988,0.240100872556573,0.237112605301801,0.170337656529517,0.212367126492139,0.111948538236282,0.163024024752776,0.257463434181527,4.52812379110251,0.55534589155195,0.206901400528714,0.5592035585681,0.810074385510996,0.289421157684631,0.319272232369901,1.27910423428631,0.295189606741573,0.238729086855832,0.181605340912576,0.55534589155195,1.35696647710266,0.2234091658424
"77",0.203634159074451,0.565008291873964,0.416647058823529,0.18830518330558,0.240752738838497,0.659775361346042,0.249194066272797,0.177514244684301,0.176296296296296,0.29953743545611,2.06925098081561,0.245461961223766,0.102215374807416,0.266673758110839,0.658703071672355,0.396912693424322,0.233654769953386,0.85660935190228,0.143146702109985,0.800397713149392,0.286251395779446,0.245461961223766,0.656062200794486,0.221723152307064
"78",0.418024815560026,2.02795325331649,0.707763496143959,0.123416746542517,0.212964946098379,0.402554832489757,0.17116328178374,0.506057875237809,0.143224440411373,0.288390035322551,4.77251788322535,0.217494455667245,0.165765210324244,0.698983198303518,0.413797968397291,0.363687405691828,0.773988479422583,0.946143320572545,0.146401746164216,0.570120610227561,0.205951522079286,0.217494455667245,1.09762799109627,0.229732344405031
"79",0.504516882492357,0.907816229116945,1.11063700091436,0.176876807334438,0.200556206088993,0.129269988412514,0.213429242683528,0.103608949843949,0.15575260804769,0.207069901053303,0.982823682498373,0.308713296534604,0.329023444945676,0.410834003754357,1.18192795331053,1.69068186953574,0.244901557449309,2.63990844173638,0.954963401002416,0.241185226532701,0.551576335232079,0.308713296534604,1.08783212049416,0.342174786008665
"80",0.218183683238733,0.999259807549963,1.38888274336283,0.130377289440127,0.193195993195993,0.232547034667176,0.193784936049266,0.174881583266895,0.176353573968705,0.361727684915747,3.03570982124255,0.401281236062504,0.104935906880802,0.298333095882604,1.65326675693974,0.29547416549431,0.282634584262115,2.01793468126482,0.23472170780161,0.627613425460076,0.427311766389922,0.401281236062504,1.81006709001543,0.184870755195134
"81",1.06773720247799,0.50827173530447,0.372317337834579,0.215385178914466,0.365563764857051,0.237657019279437,0.205249050703596,0.203647017666608,0.158977777777778,0.178956899674031,0.493017493805841,0.2777493101708,0.0909211047971455,0.253849975161451,0.517108076986346,0.301028191057313,0.420410281246757,0.404114164550354,0.181946545637922,0.245637909572336,0.226348520266397,0.2777493101708,0.335531475012477,0.277371255004832
"82",0.206512196052983,0.408408408408408,0.50333958284509,0.427643318722822,0.261929970505937,0.271012286615201,0.211260045001607,0.190111872970047,0.159146601321117,0.229259623383498,0.714076905779177,0.28465277081872,0.132793429252463,0.208200029531919,0.53257790368272,0.407434112986202,0.250728906453898,0.387088161316064,0.200394449531591,0.502407177766431,0.271287825475017,0.28465277081872,0.362295203499146,0.466820631254811
"83",0.683628808392513,0.389257294429708,1.22852175863616,0.273722537236944,0.16646371838158,0.466452931883654,0.193079943458458,0.463835789678486,0.180254146679766,0.216925182481752,1.56502499385397,0.282221655291423,0.0992917689047513,0.617962540988161,1.10343735149691,0.565058151993922,0.651175269046675,0.872544513969904,0.186906272505916,0.683575390110924,0.191758706527781,0.282221655291423,0.861696113074207,0.127197265625
"84",0.293826806635377,2.81407232704403,0.84507128061411,0.173275338863039,0.239688747328952,0.230828894979058,0.208132519616391,0.207703213610586,0.305984512272439,0.223155467720685,0.827652832521833,0.277121448785138,0.159351868042199,0.240285279773454,0.686953352769679,0.530384740671034,0.353828531148119,0.585227011097296,0.361494190465849,0.233444519825117,0.231835009033683,0.277121448785138,0.66146247540915,0.277582977088237
"85",0.268277771173345,0.663474965090764,0.609032258064516,0.194366262106964,0.194982504373906,0.158020850849168,0.224038301137691,0.123965387509406,0.21812351150101,0.326408527300413,1.45439806959997,0.465369882217277,0.122511185682327,0.286978508217446,0.561625159061989,0.421015010721944,0.570801584882658,0.804031879981246,0.246492212712221,0.335304972068451,0.286642214918171,0.465369882217277,0.825046173903596,0.228499289884804
"86",0.342754884890693,1.07765830346476,0.993401995494046,0.170709544409091,0.373871137569352,0.396633380884451,0.185368378132547,0.146473882729455,0.215745655998271,0.344851739434975,3.20156315849967,0.332264890220657,0.120159669007313,0.393436474449132,0.575295834008754,0.677828692280578,0.543471908620003,0.917824074074075,0.302836358549295,0.656098406098406,0.526621197146577,0.332264890220657,0.921670612894462,0.387536603221083
"87",0.387975170189225,0.46310002114612,0.758588794926004,0.26094026828651,0.354497131285859,0.456794907279269,0.279009894091416,0.245065650148242,0.155885762626896,0.274636448019802,1.03390645665504,0.274689045840879,0.119195931509735,0.212908132775574,0.755941732685919,0.49269307630945,0.324140244925348,0.900606033432719,0.203063223508459,0.365387228920342,0.225213479567667,0.274689045840879,0.616071783062692,0.196244855967078
"88",0.317916682346743,0.632157926461724,1.21322824581958,0.18581216699511,0.222895949551298,0.371612756004336,0.356534356560152,0.392857142857143,0.245662380077567,0.257060063224447,1.83719786972552,0.294729301459574,0.149740461597114,0.408297872340426,0.471007046388726,0.612504543802253,1.06271937859524,1.38102379434312,0.377906190862395,0.914527140727921,0.194813434714739,0.294729301459574,1.51050397688769,0.17048238175994
"89",0.291959611888649,0.551900460201125,0.778062586777742,0.262512994050384,0.245266260244661,0.309184128399465,0.193923689610796,0.362653208363374,0.17976052343196,0.271457403866582,1.88467207074429,0.490999311013604,0.151271382339344,0.255053719639493,1.02731341920161,0.891292604840515,3.26491702366593,1.52280146326289,0.28045680736047,0.676343388474431,0.313228501392387,0.490999311013604,0.925321681965769,0.420071335927367
"90",0.315411721469182,3.58813429988554,1.18773888553611,0.140743263699667,0.213857481994125,0.482523342111563,0.286489556614144,0.131067367648857,0.171592489568846,0.290654139587454,7.32046773715206,0.410316666896852,0.186537416198587,0.191870076825829,1.62915624710568,0.459448220296034,0.495448745214802,3.23113394541966,0.233478781054261,0.438976081293461,0.185904529324227,0.410316666896852,1.91695148300923,0.350396147273575
"91",0.260352753361159,0.328881469115192,0.249141965678627,0.19296468218882,0.224122310305776,0.233163954460668,0.229640036214917,0.361386138613861,0.179542154460477,0.188462086659065,0.26816879395676,0.30343222845162,0.106102991550582,0.225645169435887,0.663047583081571,0.334251191846128,0.371710127349909,0.43639722028469,0.222541507024266,0.279262936795875,0.244013394831617,0.30343222845162,0.324629102352764,-1.04993252361673
"92",0.382172928008656,1.78251121076233,0.597409638554217,0.145511689766205,0.417472239192152,0.655009367472567,0.35881175603076,0.351926791134002,0.258543099663398,0.253166454320617,0.543145920881032,0.244290172112526,0.215442270282641,0.23106960950764,0.7508806792521,0.444497772610204,1.44104326097142,0.649900643643801,0.274210134392397,0.819703058086669,0.363804305283757,0.244290172112526,0.61786069271351,0.645022970903522
"93",0.432351863571262,1.18037480478917,0.413423125214017,0.195889821750765,0.180261165783497,0.263784645058493,0.247451675829048,0.855584769695199,0.182464098374753,0.182011280879623,0.684156133237936,0.245015663671276,0.121196888724271,0.34027738783761,1.81387132763109,0.317216981132075,0.430658132282948,0.477522296199126,0.203300258843831,0.476847639268022,0.167601960362236,0.245015663671276,0.451527963210205,0.214966941665204
"94",0.321682464454977,0.402543958099514,0.237682280159081,0.28776471556255,0.488677140917467,0.0681553649178773,0.191730561878519,0.133211250410856,0.142085066275695,0.243904515426003,0.346515937731653,0.350062937861963,0.101315381798721,0.449242300798436,0.452687164636743,0.346747650871815,0.357355078886722,0.372488998335499,0.290529751978143,0.207426221577165,0.2135289974876,0.350062937861963,0.33972012180518,0.92579408543264
"95",0.308641547967254,2.84471421345473,1.18101490769079,0.162088526551815,0.180449454869094,0.148462920693507,0.280318388564002,0.0701558454743895,0.242613172325283,0.237552850269718,7.49655115782559,0.315542663390053,0.164250938934483,0.22965846927209,1.42212749082978,0.332196185895643,1.92668546526532,2.12551550102042,0.408718093756629,0.339716872664559,0.156038320857215,0.315542663390053,1.98278537659244,0.511308950914341
"96",0.314579393142012,0.35716431360769,0.315774389544881,0.186136239247396,0.203983082944073,0.190519963230886,0.20789160693047,0.196988196988197,0.16818905961527,0.188320483434049,0.464357601306445,0.235013907552153,0.101275812179403,0.209570203480997,0.429977041653001,0.34155698833058,0.319469026548673,0.369789824550121,0.187647415594043,0.402096578867696,0.228589954380197,0.235013907552153,0.287898889742336,0.207935341660544
"97",0.231254499948572,0.661033163265306,0.712796377933993,0.142969270038943,0.185947070380215,0.749391092553932,0.25394581861013,0.162275622466705,0.174376947040498,0.218954248366013,0.665068063599808,0.409063472164183,0.120782290995057,0.212508303101527,0.546658986175115,0.916787353464611,0.542899769428998,0.59809967788407,0.252115532554724,0.689194876246086,0.28041573262686,0.409063472164183,0.366773427006922,0.158288143045581
"98",0.292689756181614,0.641320293398533,0.475534201542546,0.229781596520247,0.338043343140099,0.545509809339596,0.248607345329061,0.277851614416387,0.209125840537944,0.20687881097561,0.361139254756276,0.286381102199759,0.118789310335357,0.227356746765249,0.502566735112936,0.352959825281365,0.416136739569932,0.424126802435573,0.199945803654382,0.434211569723644,0.254483738301845,0.286381102199759,0.375952781143728,0.484976278334212
"99",0.292204457530212,0.574630279005946,0.591298825023817,0.295554200797971,0.240576848489122,0.187075012046903,0.200208404616007,0.126402979953928,0.229378620089433,0.289717506803162,0.734739987609781,0.291658348956909,0.181451729002908,0.542809687098157,0.568148980574731,0.553872507218408,0.240732469852613,0.50506389912866,0.293111133971128,0.325442677070828,0.367399476953253,0.291658348956909,0.522023175050716,0.197127320014186
"100",0.411349025025237,1.64684329199549,1.46000907166616,0.208005109328971,0.167085553433196,0.175682333234801,0.33921810238602,0.100960899791879,0.197821188804758,0.416857545590696,3.60988413513818,0.497470722307228,0.112580456407256,0.274624956390277,0.965779467680608,0.565889508362899,0.938748276322228,1.18767650209368,0.318550905683948,0.269100375348105,0.644768582452688,0.497470722307228,2.3691203826734,0.151143224784717
"101",0.397292924372378,0.81462962962963,0.356483262793382,0.221870562674285,0.246627996365924,0.162343137741183,0.18062053925456,0.233727389260789,0.232440044702187,0.212815303227785,0.193821054185737,0.349254391465935,0.14327909050379,0.214392723381488,0.381295527531918,0.433202470793244,0.493860201511335,0.366005688350294,0.194997554670579,0.327826192205277,0.243345802071395,0.349254391465935,0.338828815108132,0.181135802469136
"102",0.249784088161123,1.09325744308231,1.21254587921255,0.226513309924672,0.259812070834839,0.117712334613743,0.255381985380807,0.130035810205909,0.256917300175433,0.237819292139996,6.03850641773629,0.503743418736776,0.246769690279852,0.470737426424845,1.66476289373486,0.361336491457945,0.197281408441942,2.98118814737876,0.451301427371956,0.274603294734983,0.317372524230931,0.503743418736776,1.80896854531059,0.256825396825397
"103",0.307267591165896,0.489231587343792,1.00847162585587,0.186743799153055,0.233716475095785,0.221253933672234,0.286688172043011,0.220632243321182,0.217318423512913,0.269293384135781,3.80991595211818,0.334209053600299,0.138846335140231,0.362458295053431,1.27421158577499,0.425675160692056,0.607361618432144,2.13791968400263,0.476377814464856,0.534055559181188,0.241753678215471,0.334209053600299,1.28524904214559,0.340016283329941
"104",0.511199683005849,0.702810727178958,1.38135500164708,0.18668054912849,0.273939443669484,1.41337222691333,0.290145542753184,0.399565077319588,0.201951245030341,0.232638629050363,10.5323791765358,0.335448683466906,0.218209472604436,0.241000455673131,0.45311290889905,0.484836549822765,0.235461325211823,1.67713014740357,0.234473463738025,0.818722604884158,0.308186195826644,0.335448683466906,0.631699159800963,0.556088888888889
"105",0.303472006499558,1.46314144308414,0.875033774655499,0.26357219819741,0.270148623939238,0.561665899677865,0.258642142277522,0.231198010462225,0.218236123229747,0.322062350119904,0.779759645793801,0.385783219537814,0.13893064906203,0.309973511459172,0.660100821508589,0.695008037049111,0.627142584462684,0.912535345525038,0.242106123115886,0.378181852566286,0.408869411232633,0.385783219537814,0.662514912908612,0.182447566687029
"106",0.658483896307936,2.04912280701754,0.84787871800784,0.390071609420252,0.870576131687243,0.20021159756159,0.333868222708485,0.412217972171406,0.185654742515325,0.251405637345565,1.16660418384944,0.556472966001967,0.180867278324019,0.642771178902204,0.641016590187081,0.341498908561727,7.38870133515096,0.845386933384625,0.403298698288849,0.426582739327049,0.451237600815796,0.556472966001967,0.524949083503056,0.21334597605784
"107",0.299560065400239,1.1804170444243,0.953574106473381,0.150252662675892,0.298410926521768,0.152101989501081,0.240351679161333,0.100252912641486,0.244133160067268,0.206611570247934,1.83575004635639,0.535642882530655,0.0946694741508284,0.368152524167562,0.626262626262626,0.375416088765604,0.314530773822615,1.22382642067084,0.396303235569648,0.296252465483235,0.4921002652763,0.535642882530655,0.744192746785752,0.133302272609618
"108",0.29533117985947,1.38694721825963,0.592166408497455,0.358575069958164,0.209900871849994,0.282382568706887,0.196498568597225,0.249038461538462,0.236772683915584,0.272164745940283,0.586426914153132,0.267147220246105,0.141616472895363,0.483364189367892,0.489675068326754,0.665324830906373,0.370282203877904,0.552408922452976,0.253266744201957,0.464439290718463,0.382120702187615,0.267147220246105,0.533074872788951,0.184353604510673
"109",0.523036862522806,0.876514131897712,0.439675727229375,0.261596587670755,0.375637416880839,0.293588354454233,0.265819167099696,1.22631351247416,0.17660296028652,0.27680067001675,0.656435272045028,0.253355726607851,0.123887364944298,0.180143462667101,0.736200804191544,0.524144869215292,0.866761646958256,0.486118010708174,0.228268721406212,0.490625718886587,0.238620441889707,0.253355726607851,0.333947121564814,0.425978251562634
"110",0.340288496350922,0.505326016785023,1.07188804875296,0.297896624103551,0.318824375049916,0.537767251312252,0.221224051539012,0.115976503713773,0.231559891079924,0.257078032888613,4.1685663627153,0.317766434407116,0.125285137743464,0.455484383534436,0.637350085665334,0.473294574920123,0.535589200300431,1.440926168437,0.275484012907011,0.419350742305649,0.483602714876792,0.317766434407116,2.05505682754076,0.246249514185775
"111",0.312263391404149,0.730093580692825,0.673244147157191,0.203244888866888,0.137933089045789,0.148317492936039,0.177610397282528,0.172986220290391,0.189097058191969,0.177411732937285,1.37569121071013,0.335664195341398,0.110714584436948,0.215105020110234,0.673148777173913,0.460659934778877,0.756878173442281,1.17385189945331,0.25961467754982,0.314340246258408,0.499778530986404,0.335664195341398,0.757284662183799,0.259309464954948
"112",0.351334313931499,0.820838627700127,0.596805366075489,0.163622113703503,0.236271259729029,0.34561765573011,0.204948100064301,0.0668889836752104,0.16208647625505,0.293795973674022,3.76528639329735,0.362996269884701,0.0866732913768356,0.349313037461698,0.950599592729467,0.402730876523271,1.06861414447621,1.55271160592196,0.364599715419756,0.433758575321867,0.558156465251723,0.362996269884701,0.603661800920802,0.201353349255089
"113",1.44149383533454,0.762208491130157,1.44398136798235,0.328775177446827,0.263220054861323,0.256025763598853,0.218201247284703,0.585893574297189,0.179178817890451,0.14422088160691,5.00954570248578,0.33380400168239,0.138955717118308,0.248693357690161,1.19110748521313,0.346688180479175,0.684057971014493,1.30383124954303,0.223551571383725,0.371298116557803,0.234278046270419,0.33380400168239,0.775540202851683,0.288461538461538
"114",0.238840914103457,0.764849329385125,0.497276744425033,0.210248240836329,0.464434361993326,0.319678714859438,0.221142361458646,0.199356530028599,0.200952820039957,0.19159578087785,0.827784525255412,0.322286123147528,0.125629246554617,0.254567477541132,0.581468890821409,0.715933870885948,0.455674330062967,0.663166346405405,0.202645631915116,0.405091000779353,0.307858843905607,0.322286123147528,0.431055900621118,0.212275263484191
"115",0.270324430777736,0.498525902007581,0.502252488213724,0.151826577536018,0.233693477390956,0.509120624209194,0.215930568948891,0.204118969212273,0.19118626062323,0.282688857883197,0.934142991397383,0.273779545928011,0.126736482154306,0.242089014664265,0.664641008327706,0.569395159682629,0.235520401407715,0.760005072739461,0.219275135289091,0.635613263327185,0.195410143752933,0.273779545928011,0.398320228734811,0.384252405625463
"116",0.292277063459147,1.35237315875614,1.52988517531269,0.122103436105712,0.185885563895116,0.231700017102788,0.367471067668301,0.0862928018657903,0.175299363414566,0.205366648922012,20.5802922791012,0.306365513949516,0.108266545835575,0.268717353453279,0.749667700487373,0.256490865972757,0.40281176776881,3.34467363796973,0.427603018767114,0.386902776851421,0.417650991753957,0.306365513949516,2.88448611356803,0.307295152500239
"117",0.247002955534154,0.730560047038071,0.801864339547799,0.208829522180697,0.276462938881664,0.447386759581882,0.248743474565983,0.183531320070607,0.198123107366653,0.323520871143375,1.60296931471901,0.374437417433672,0.120428902936705,0.301819516543443,0.594531066363708,0.459724383665823,0.666703189199765,1.17364032050091,0.221905721332546,0.568605270162364,0.235069861051979,0.374437417433672,0.554304188723487,0.153615988257212
"118",0.382038816368718,1.04720820446036,0.966217720391808,0.271686511114671,0.238751952455332,1.1520278236265,0.24033726001992,0.247694753577107,0.126727545622065,0.22320848668543,1.58640579936082,0.506273495582131,0.12505117856934,0.133454670667519,0.682032846972581,0.336152989699385,0.416965127238454,0.94641557121468,0.205820837321422,0.474072858549393,0.513179684295287,0.506273495582131,0.697060288988542,0.324770879049955
"119",0.266821345707656,0.574153846153846,1.76498751040799,0.130715850759424,0.205267786106109,1.38780343398461,0.265458937198068,0.105664906385022,0.19727330470026,0.242840589306406,4.93751049890811,0.33555947514694,0.11169592392117,0.229455239586903,2.69364680545585,0.342885190725504,3.51900778291089,1.51641500630392,0.312645432004578,0.996580918267665,0.333528236364838,0.33555947514694,2.53042639398032,0.476635514018692
"120",0.217751970136873,3.92075471698113,0.846562672556599,0.157362543850509,0.337295203073185,0.727957725804873,0.403988729716885,0.196462601238685,0.261229387152351,0.304356108712217,1.51563424009462,0.275957362810896,0.1671731634621,0.477247575027668,0.718320057929037,0.325537294563842,0.373273441886581,0.755690687542228,0.233745690529304,0.772152576877747,0.298741123305358,0.275957362810896,0.857927193156952,0.179710604140262
"121",0.458784472026258,0.630875377317809,0.712146966527197,0.343599387946318,0.237994248741912,0.308666750282202,0.372070236709352,0.586463945678648,0.306040803315269,0.251676076217361,0.678352526002972,0.564091919073794,0.131287979842893,0.349183244379751,0.75047154110729,0.762970551106146,0.995157473147642,0.507469463742452,0.370961780143417,0.756869813630799,0.269017810287771,0.564091919073794,0.394842868654312,0.304878946206491
